projectName,status,possessionDate,fullAddress,pincode,type,carpetArea,price,bathrooms,balcony,listingType,furnishedType,projectCategory,projectType,propertyCategory,landmark,cityId,localityId,subLocalityId,propertyImages,floorPlanImage
Ashwini,UNDER_CONSTRUCTION,2025-09-28 00:00:00,Mumbai chembur,411017,1BHK,123.0,11111111,1,1.0,Sell,UNFURNISHED,STANDALONE,RESIDENTIAL,RESIDENTIAL,Babys school,cmf6nu3ru000gvcxspxarll3v,cmf6pksk30035vcxs7r2mo3iq,cmfdkuymm0001vc90iiyzkr8d,"[""https://pub-d28896f69c604ec5aa743cb0397740d9.r2.dev/1756971672464-1e5179453b5df91d.jpg""]",https://pub-d28896f69c604ec5aa743cb0397740d9.r2.dev/1757584023815-67012c27580e3e23.jpg
Ashwini,UNDER_CONSTRUCTION,2025-09-28 00:00:00,Mumbai chembur,411017,2BHK,456.0,22222222,0,2.0,Sell,UNFURNISHED,STANDALONE,RESIDENTIAL,RESIDENTIAL,Babys school,cmf6nu3ru000gvcxspxarll3v,cmf6pksk30035vcxs7r2mo3iq,cmfdkuymm0001vc90iiyzkr8d,"[""https://pub-d28896f69c604ec5aa743cb0397740d9.r2.dev/1756971672464-7c8c73119cb2047b.jpg""]",https://pub-d28896f69c604ec5aa743cb0397740d9.r2.dev/1756971672464-419924a4c5c28823.jpg
Pristine02,READY_TO_MOVE,,"sr no 13 beside godrej, opposite to mca stadium, sai nagar, mamurdi, pune ",412101,2BHK,972.0,120000000,12,3.0,Sell,UNFURNISHED,STANDALONE,RESIDENTIAL,RESIDENTIAL,Sai nagar ,cmf6nu3ru000gvcxspxarll3v,cmf6pk0cn0033vcxshxbf5hdh,cmfdn705v001pvc90uyle9m34,"[""https://pub-d28896f69c604ec5aa743cb0397740d9.r2.dev/1757011238541-c8a6e3aced460e18.jpg""]",https://pub-d28896f69c604ec5aa743cb0397740d9.r2.dev/1757011238520-ba6c9c4021ea321f.jpg
Pristine02,READY_TO_MOVE,,"sr no 13 beside godrej, opposite to mca stadium, sai nagar, mamurdi, pune ",412101,2BHK,188.73,210000000,3,2.0,Sell,UNFURNISHED,STANDALONE,RESIDENTIAL,RESIDENTIAL,Sai nagar ,cmf6nu3ru000gvcxspxarll3v,cmf6pk0cn0033vcxshxbf5hdh,cmfdn705v001pvc90uyle9m34,"[""https://pub-d28896f69c604ec5aa743cb0397740d9.r2.dev/1757011238542-bd3d1a40c2d7fadb.jpg""]",https://pub-d28896f69c604ec5aa743cb0397740d9.r2.dev/1757011238542-2d39a8b06669406b.jpg
Gurukripa,UNDER_CONSTRUCTION,,"Sindhi Society, Near Swami Vivekanand Jr College, Chembur, Mumbai Harbour, Mumbai",400071,1BHK,426.57,13000000,1,1.0,Sell,UNFURNISHED,COMPLEX,RESIDENTIAL,RESIDENTIAL,Sindhi Society,cmf50r5a00000vcj0k1iuocuu,cmf51ieam0001vcj0kljobiod,cmf51ix980003vcj0z7abv17k,"[""https://pub-d28896f69c604ec5aa743cb0397740d9.r2.dev/1757322391106-7c383f81d9c66290.jpg""]",https://pub-d28896f69c604ec5aa743cb0397740d9.r2.dev/1757322391101-b4e4be9945434d29.jpg
Gurukripa,UNDER_CONSTRUCTION,,"Sindhi Society, Near Swami Vivekanand Jr College, Chembur, Mumbai Harbour, Mumbai",400071,1BHK,460.8,15000000,1,1.0,Sell,UNFURNISHED,COMPLEX,RESIDENTIAL,RESIDENTIAL,Sindhi Society,cmf50r5a00000vcj0k1iuocuu,cmf51ieam0001vcj0kljobiod,cmf51ix980003vcj0z7abv17k,"[""https://pub-d28896f69c604ec5aa743cb0397740d9.r2.dev/1757322391150-9b806803ceb0c8b6.jpg""]",https://pub-d28896f69c604ec5aa743cb0397740d9.r2.dev/1757322391141-e6c14becbdbd76a2.jpg
Gurukripa,UNDER_CONSTRUCTION,,"Sindhi Society, Near Swami Vivekanand Jr College, Chembur, Mumbai Harbour, Mumbai",400071,3BHK,893.08,29000000,3,2.0,Sell,UNFURNISHED,COMPLEX,RESIDENTIAL,RESIDENTIAL,Sindhi Society,cmf50r5a00000vcj0k1iuocuu,cmf51ieam0001vcj0kljobiod,cmf51ix980003vcj0z7abv17k,"[""https://pub-d28896f69c604ec5aa743cb0397740d9.r2.dev/1757322391167-19d3844213de86cb.jpg""]",https://pub-d28896f69c604ec5aa743cb0397740d9.r2.dev/1757322391158-41329b8304cff17d.jpg
Gurukripa,UNDER_CONSTRUCTION,,"Sindhi Society, Near Swami Vivekanand Jr College, Chembur, Mumbai Harbour, Mumbai",400071,3BHK,918.27,29000000,3,2.0,Sell,UNFURNISHED,COMPLEX,RESIDENTIAL,RESIDENTIAL,Sindhi Society,cmf50r5a00000vcj0k1iuocuu,cmf51ieam0001vcj0kljobiod,cmf51ix980003vcj0z7abv17k,"[""https://pub-d28896f69c604ec5aa743cb0397740d9.r2.dev/1757322391188-7b25319224e8a812.jpg""]",https://pub-d28896f69c604ec5aa743cb0397740d9.r2.dev/1757322391179-7f2bff943c2805a5.jpg
Gurukripa,UNDER_CONSTRUCTION,,"Sindhi Society, Near Swami Vivekanand Jr College, Chembur, Mumbai Harbour, Mumbai",400071,2BHK,804.6,26000000,2,2.0,Sell,UNFURNISHED,COMPLEX,RESIDENTIAL,RESIDENTIAL,Sindhi Society,cmf50r5a00000vcj0k1iuocuu,cmf51ieam0001vcj0kljobiod,cmf51ix980003vcj0z7abv17k,"[""https://pub-d28896f69c604ec5aa743cb0397740d9.r2.dev/1757322391202-e4d28b891dcb832f.jpg""]",https://pub-d28896f69c604ec5aa743cb0397740d9.r2.dev/1757322391195-0e9c4aa442f80776.jpg
Gurukripa,UNDER_CONSTRUCTION,,"Sindhi Society, Near Swami Vivekanand Jr College, Chembur, Mumbai Harbour, Mumbai",400071,2BHK,1036.67,33000000,2,2.0,Sell,UNFURNISHED,COMPLEX,RESIDENTIAL,RESIDENTIAL,Sindhi Society,cmf50r5a00000vcj0k1iuocuu,cmf51ieam0001vcj0kljobiod,cmf51ix980003vcj0z7abv17k,"[""https://pub-d28896f69c604ec5aa743cb0397740d9.r2.dev/1757322391218-4ca8b878a42de5ae.jpg""]",https://pub-d28896f69c604ec5aa743cb0397740d9.r2.dev/1757322391210-70f3ad7351a09d4c.jpg
Hari om,UNDER_CONSTRUCTION,,"Cts 300, plot no 37, opposite midtown 71, Sindhi Society, Chembur, Mumbai, Maharashtra 400071",400069,1BHK,443.37,13000000,1,1.0,Sell,UNFURNISHED,STANDALONE,RESIDENTIAL,RESIDENTIAL,Sindhi Society,cmf50r5a00000vcj0k1iuocuu,cmf51ieam0001vcj0kljobiod,cmfcec5ph007ivca007lzj3b3,"[""https://pub-d28896f69c604ec5aa743cb0397740d9.r2.dev/1757324645448-dbde48f7805f3bd0.jpg""]",https://pub-d28896f69c604ec5aa743cb0397740d9.r2.dev/1757324645437-975f7a8ecca1de6d.jpg
Hari om,UNDER_CONSTRUCTION,,"Cts 300, plot no 37, opposite midtown 71, Sindhi Society, Chembur, Mumbai, Maharashtra 400071",400069,2BHK,644.11,19000000,2,2.0,Sell,UNFURNISHED,STANDALONE,RESIDENTIAL,RESIDENTIAL,Sindhi Society,cmf50r5a00000vcj0k1iuocuu,cmf51ieam0001vcj0kljobiod,cmfcec5ph007ivca007lzj3b3,"[""https://pub-d28896f69c604ec5aa743cb0397740d9.r2.dev/1757324645449-b2f826d061804b98.jpg""]",https://pub-d28896f69c604ec5aa743cb0397740d9.r2.dev/1757324645448-970dda42c441c73b.jpg
Hari om,UNDER_CONSTRUCTION,,"Cts 300, plot no 37, opposite midtown 71, Sindhi Society, Chembur, Mumbai, Maharashtra 400071",400069,3BHK,798.57,23000000,3,2.0,Sell,UNFURNISHED,STANDALONE,RESIDENTIAL,RESIDENTIAL,Sindhi Society,cmf50r5a00000vcj0k1iuocuu,cmf51ieam0001vcj0kljobiod,cmfcec5ph007ivca007lzj3b3,"[""https://pub-d28896f69c604ec5aa743cb0397740d9.r2.dev/1757324645451-d9b3e0a968cfc871.jpg""]",https://pub-d28896f69c604ec5aa743cb0397740d9.r2.dev/1757324645450-abde5eb3211c0467.jpg
Om makarand heights,UNDER_CONSTRUCTION,2025-09-21 00:00:00,"104, Yashvant Seth Jadhav Marg, Gauri Shankar Wadi No. 2, Savitribai Phule Nagar, Pant Nagar, Ghatkopar East, Mumbai, Maharashtra 400075",400075,1BHK,379.0,850000,1,1.0,Sell,UNFURNISHED,STANDALONE,RESIDENTIAL,RESIDENTIAL,Hind high school,cmf50r5a00000vcj0k1iuocuu,cmf6oxndf0021vcxsvog0r7bk,cmfcewd9m007svca0b4pla35a,"[""https://pub-d28896f69c604ec5aa743cb0397740d9.r2.dev/1757325712591-aa79bad30786e10c.jpg""]",https://pub-d28896f69c604ec5aa743cb0397740d9.r2.dev/1757325712590-57c98e762d3e95c3.jpg
Om makarand heights,UNDER_CONSTRUCTION,2025-09-21 00:00:00,"104, Yashvant Seth Jadhav Marg, Gauri Shankar Wadi No. 2, Savitribai Phule Nagar, Pant Nagar, Ghatkopar East, Mumbai, Maharashtra 400075",400075,1BHK,354.0,790000,1,1.0,Sell,UNFURNISHED,STANDALONE,RESIDENTIAL,RESIDENTIAL,Hind high school,cmf50r5a00000vcj0k1iuocuu,cmf6oxndf0021vcxsvog0r7bk,cmfcewd9m007svca0b4pla35a,"[""https://pub-d28896f69c604ec5aa743cb0397740d9.r2.dev/1757325712594-cd33c56e7db9cd37.jpg""]",https://pub-d28896f69c604ec5aa743cb0397740d9.r2.dev/1757325712593-25cd2d9a5765be22.jpg
Om makarand heights,UNDER_CONSTRUCTION,2025-09-21 00:00:00,"104, Yashvant Seth Jadhav Marg, Gauri Shankar Wadi No. 2, Savitribai Phule Nagar, Pant Nagar, Ghatkopar East, Mumbai, Maharashtra 400075",400075,1BHK,391.0,880000,1,0.0,Sell,UNFURNISHED,STANDALONE,RESIDENTIAL,RESIDENTIAL,Hind high school,cmf50r5a00000vcj0k1iuocuu,cmf6oxndf0021vcxsvog0r7bk,cmfcewd9m007svca0b4pla35a,"[""https://pub-d28896f69c604ec5aa743cb0397740d9.r2.dev/1757325712598-d2ac8b8887119ad8.jpg""]",https://pub-d28896f69c604ec5aa743cb0397740d9.r2.dev/1757325712597-accd128a6ea12d10.jpg
Om makarand heights,UNDER_CONSTRUCTION,2025-09-21 00:00:00,"104, Yashvant Seth Jadhav Marg, Gauri Shankar Wadi No. 2, Savitribai Phule Nagar, Pant Nagar, Ghatkopar East, Mumbai, Maharashtra 400075",400075,2BHK,536.0,12000000,2,2.0,Sell,UNFURNISHED,STANDALONE,RESIDENTIAL,RESIDENTIAL,Hind high school,cmf50r5a00000vcj0k1iuocuu,cmf6oxndf0021vcxsvog0r7bk,cmfcewd9m007svca0b4pla35a,"[""https://pub-d28896f69c604ec5aa743cb0397740d9.r2.dev/1757325712607-8e031215d719e572.jpg""]",https://pub-d28896f69c604ec5aa743cb0397740d9.r2.dev/1757325712599-4bd849d13fb20425.jpg
Om makarand heights,UNDER_CONSTRUCTION,2025-09-21 00:00:00,"104, Yashvant Seth Jadhav Marg, Gauri Shankar Wadi No. 2, Savitribai Phule Nagar, Pant Nagar, Ghatkopar East, Mumbai, Maharashtra 400075",400075,2BHK,650.0,14000000,2,2.0,Sell,UNFURNISHED,STANDALONE,RESIDENTIAL,RESIDENTIAL,Hind high school,cmf50r5a00000vcj0k1iuocuu,cmf6oxndf0021vcxsvog0r7bk,cmfcewd9m007svca0b4pla35a,"[""https://pub-d28896f69c604ec5aa743cb0397740d9.r2.dev/1757325712608-e94b60550c5c2690.jpg""]",https://pub-d28896f69c604ec5aa743cb0397740d9.r2.dev/1757325712608-05900f06f63a6dfa.jpg
Sainath Vrindavan,UNDER_CONSTRUCTION,,Prataprao Gujar Rd Neelam Nagar Mulund East Mumbai Maharashtra 400081,400081,1BHK,457.57,12000000,1,1.0,Sell,UNFURNISHED,STANDALONE,RESIDENTIAL,RESIDENTIAL,JBCN International School Mulund,cmf50r5a00000vcj0k1iuocuu,cmf51ieam0001vcj0kljobiod,cmf51ix980003vcj0z7abv17k,"[""https://pub-d28896f69c604ec5aa743cb0397740d9.r2.dev/1757400210665-ab087e966ba018ff.jpg""]",https://pub-d28896f69c604ec5aa743cb0397740d9.r2.dev/1757400210633-ec5431f188d4de3c.jpg
Sainath Vrindavan,UNDER_CONSTRUCTION,,Prataprao Gujar Rd Neelam Nagar Mulund East Mumbai Maharashtra 400081,400081,2BHK,652.83,17000000,2,2.0,Sell,UNFURNISHED,STANDALONE,RESIDENTIAL,RESIDENTIAL,JBCN International School Mulund,cmf50r5a00000vcj0k1iuocuu,cmf51ieam0001vcj0kljobiod,cmf51ix980003vcj0z7abv17k,"[""https://pub-d28896f69c604ec5aa743cb0397740d9.r2.dev/1757400210672-3f6998fafc9e8521.jpg""]",https://pub-d28896f69c604ec5aa743cb0397740d9.r2.dev/1757400210671-c54804f690eac296.jpg
Sainath Vrindavan,UNDER_CONSTRUCTION,,Prataprao Gujar Rd Neelam Nagar Mulund East Mumbai Maharashtra 400081,400081,2BHK,728.5,19000000,2,2.0,Sell,UNFURNISHED,STANDALONE,RESIDENTIAL,RESIDENTIAL,JBCN International School Mulund,cmf50r5a00000vcj0k1iuocuu,cmf51ieam0001vcj0kljobiod,cmf51ix980003vcj0z7abv17k,"[""https://pub-d28896f69c604ec5aa743cb0397740d9.r2.dev/1757400210678-f61b2d8c4b4a4a50.jpg""]",https://pub-d28896f69c604ec5aa743cb0397740d9.r2.dev/1757400210675-be2512dbfae0b3f7.jpg
Sainath Vrindavan,UNDER_CONSTRUCTION,,Prataprao Gujar Rd Neelam Nagar Mulund East Mumbai Maharashtra 400081,400081,3BHK,1240.22,33000000,3,2.0,Sell,UNFURNISHED,STANDALONE,RESIDENTIAL,RESIDENTIAL,JBCN International School Mulund,cmf50r5a00000vcj0k1iuocuu,cmf51ieam0001vcj0kljobiod,cmf51ix980003vcj0z7abv17k,"[""https://pub-d28896f69c604ec5aa743cb0397740d9.r2.dev/1757400210682-37e9e8c4f43b5b32.jpg""]",https://pub-d28896f69c604ec5aa743cb0397740d9.r2.dev/1757400210681-7ca76e0e6739c3c1.jpg
Avenue 15,UNDER_CONSTRUCTION,,AVENUE 15 Ramesh Barrel Supplying Company K.T.Gupta Wadi S.P.Murai Rd behind Sewri Road Sewri W Maharashtra 400015,400015,1BHK,416.56,9890000,1,0.0,Sell,UNFURNISHED,STANDALONE,RESIDENTIAL,RESIDENTIAL,JBCN International School Parel,cmf50r5a00000vcj0k1iuocuu,cmf51ieam0001vcj0kljobiod,cmf51ix980003vcj0z7abv17k,"[""https://pub-d28896f69c604ec5aa743cb0397740d9.r2.dev/1757401136186-23bdb16c58a9e122.jpg""]",https://pub-d28896f69c604ec5aa743cb0397740d9.r2.dev/1757401136185-abf1e76a1175f931.jpg
Avenue 15,UNDER_CONSTRUCTION,,AVENUE 15 Ramesh Barrel Supplying Company K.T.Gupta Wadi S.P.Murai Rd behind Sewri Road Sewri W Maharashtra 400015,400015,1BHK,438.63,14000000,1,1.0,Sell,UNFURNISHED,STANDALONE,RESIDENTIAL,RESIDENTIAL,JBCN International School Parel,cmf50r5a00000vcj0k1iuocuu,cmf51ieam0001vcj0kljobiod,cmf51ix980003vcj0z7abv17k,"[""https://pub-d28896f69c604ec5aa743cb0397740d9.r2.dev/1757401136187-7ce77cd129550d77.jpg""]",https://pub-d28896f69c604ec5aa743cb0397740d9.r2.dev/1757401136186-d8d90b0f32b32c7f.jpg
Avenue 15,UNDER_CONSTRUCTION,,AVENUE 15 Ramesh Barrel Supplying Company K.T.Gupta Wadi S.P.Murai Rd behind Sewri Road Sewri W Maharashtra 400015,400015,2BHK,653.15,15000000,2,2.0,Sell,UNFURNISHED,STANDALONE,RESIDENTIAL,RESIDENTIAL,JBCN International School Parel,cmf50r5a00000vcj0k1iuocuu,cmf51ieam0001vcj0kljobiod,cmf51ix980003vcj0z7abv17k,"[""https://pub-d28896f69c604ec5aa743cb0397740d9.r2.dev/1757401136188-b404a27ba98528f4.jpg""]",https://pub-d28896f69c604ec5aa743cb0397740d9.r2.dev/1757401136187-1ecea6707162bfe7.jpg
Swaroop Aditya Avenue,UNDER_CONSTRUCTION,,"Swaroop Aditya Avenue, Sheraton Hotel, Marol Pipeline Rd, near Itc Maratha, Kanti Nagar, J B Nagar, Andheri East, Mumbai, Maharashtra 400099",400099,Office,239.0,5975000,1,,Sell,UNFURNISHED,STANDALONE,COMMERCIAL,COMMERCIAL,Infiniti Mall ,cmf50r5a00000vcj0k1iuocuu,cmf51ieam0001vcj0kljobiod,cmf51ix980003vcj0z7abv17k,"[""https://pub-d28896f69c604ec5aa743cb0397740d9.r2.dev/1757402417346-ede3eaf6864e2efa.jpg""]",https://pub-d28896f69c604ec5aa743cb0397740d9.r2.dev/1757402417345-d65dfb1fd5d0d077.jpg
Swaroop Aditya Avenue,UNDER_CONSTRUCTION,,"Swaroop Aditya Avenue, Sheraton Hotel, Marol Pipeline Rd, near Itc Maratha, Kanti Nagar, J B Nagar, Andheri East, Mumbai, Maharashtra 400099",400099,Office,309.0,7720000,1,,Sell,UNFURNISHED,STANDALONE,COMMERCIAL,COMMERCIAL,Infiniti Mall ,cmf50r5a00000vcj0k1iuocuu,cmf51ieam0001vcj0kljobiod,cmf51ix980003vcj0z7abv17k,"[""https://pub-d28896f69c604ec5aa743cb0397740d9.r2.dev/1757402417347-f5e0ac2f495d60e1.jpg""]",https://pub-d28896f69c604ec5aa743cb0397740d9.r2.dev/1757402417346-59bcce3ff8c17194.jpg
Swaroop Aditya Avenue,UNDER_CONSTRUCTION,,"Swaroop Aditya Avenue, Sheraton Hotel, Marol Pipeline Rd, near Itc Maratha, Kanti Nagar, J B Nagar, Andheri East, Mumbai, Maharashtra 400099",400099,Office,634.0,15000000,0,,Sell,UNFURNISHED,STANDALONE,COMMERCIAL,COMMERCIAL,Infiniti Mall ,cmf50r5a00000vcj0k1iuocuu,cmf51ieam0001vcj0kljobiod,cmf51ix980003vcj0z7abv17k,"[""https://pub-d28896f69c604ec5aa743cb0397740d9.r2.dev/1757402417348-9bfc082c0bba270f.jpg""]",https://pub-d28896f69c604ec5aa743cb0397740d9.r2.dev/1757402417348-0cca2389f798785c.jpg
Marigold miraaya ,UNDER_CONSTRUCTION,,"Marigold Miraaya, Purushottam Kheraj Rd, Asha Nagar, Mulund West, Mumbai, Maharashtra 400080",400080,2BHK,637.76,8900000,2,2.0,Sell,UNFURNISHED,TOWNSHIP,RESIDENTIAL,RESIDENTIAL,R Mall,cmf50r5a00000vcj0k1iuocuu,cmf51ieam0001vcj0kljobiod,cmf51ix980003vcj0z7abv17k,"[""https://pub-d28896f69c604ec5aa743cb0397740d9.r2.dev/1757403866054-3b21d5295d1b7bce.jpg""]",https://pub-d28896f69c604ec5aa743cb0397740d9.r2.dev/1757403866053-185c21624393f002.jpg
Marigold miraaya ,UNDER_CONSTRUCTION,,"Marigold Miraaya, Purushottam Kheraj Rd, Asha Nagar, Mulund West, Mumbai, Maharashtra 400080",400080,2BHK,783.83,10000000,2,2.0,Sell,UNFURNISHED,TOWNSHIP,RESIDENTIAL,RESIDENTIAL,R Mall,cmf50r5a00000vcj0k1iuocuu,cmf51ieam0001vcj0kljobiod,cmf51ix980003vcj0z7abv17k,"[""https://pub-d28896f69c604ec5aa743cb0397740d9.r2.dev/1757403866054-19520d6cb5866f61.jpg""]",https://pub-d28896f69c604ec5aa743cb0397740d9.r2.dev/1757403866054-1c8c078c7503aa74.jpg
Marigold miraaya ,UNDER_CONSTRUCTION,,"Marigold Miraaya, Purushottam Kheraj Rd, Asha Nagar, Mulund West, Mumbai, Maharashtra 400080",400080,2BHK,719.46,10000000,2,0.0,Sell,UNFURNISHED,TOWNSHIP,RESIDENTIAL,RESIDENTIAL,R Mall,cmf50r5a00000vcj0k1iuocuu,cmf51ieam0001vcj0kljobiod,cmf51ix980003vcj0z7abv17k,"[""https://pub-d28896f69c604ec5aa743cb0397740d9.r2.dev/1757403866054-18d491c4116a4a1d.jpg""]",https://pub-d28896f69c604ec5aa743cb0397740d9.r2.dev/1757403866054-f05bbc2ef47cc262.jpg
Marigold miraaya ,UNDER_CONSTRUCTION,,"Marigold Miraaya, Purushottam Kheraj Rd, Asha Nagar, Mulund West, Mumbai, Maharashtra 400080",400080,3BHK,1090.59,15000000,3,2.0,Sell,UNFURNISHED,TOWNSHIP,RESIDENTIAL,RESIDENTIAL,R Mall,cmf50r5a00000vcj0k1iuocuu,cmf51ieam0001vcj0kljobiod,cmf51ix980003vcj0z7abv17k,"[""https://pub-d28896f69c604ec5aa743cb0397740d9.r2.dev/1757403866055-12dde6891b923a80.jpg""]",https://pub-d28896f69c604ec5aa743cb0397740d9.r2.dev/1757403866054-66f1c36cd5370f62.jpg
Balaji Kanha	,UNDER_CONSTRUCTION,,64C5+C63 Dombivli East Dombivli Maharashtra 421301,421201,1BHK,422.0,4190000,1,1.0,Sell,UNFURNISHED,STANDALONE,RESIDENTIAL,RESIDENTIAL,Lodha Xperia Mall,cmf50r5a00000vcj0k1iuocuu,cmf51ieam0001vcj0kljobiod,cmf51ix980003vcj0z7abv17k,"[""https://pub-d28896f69c604ec5aa743cb0397740d9.r2.dev/1757409672775-37d2dedeb898bfd3.jpg""]",https://pub-d28896f69c604ec5aa743cb0397740d9.r2.dev/1757409672773-6523197b4bafe2f8.jpg
Balaji Kanha	,UNDER_CONSTRUCTION,,64C5+C63 Dombivli East Dombivli Maharashtra 421301,421201,2BHK,580.0,5770000,2,2.0,Sell,UNFURNISHED,STANDALONE,RESIDENTIAL,RESIDENTIAL,Lodha Xperia Mall,cmf50r5a00000vcj0k1iuocuu,cmf51ieam0001vcj0kljobiod,cmf51ix980003vcj0z7abv17k,"[""https://pub-d28896f69c604ec5aa743cb0397740d9.r2.dev/1757409672776-55a3d0d5d7d3bb44.jpg""]",https://pub-d28896f69c604ec5aa743cb0397740d9.r2.dev/1757409672776-9c48211b8fc08a50.jpg
Bhoomi antara ,UNDER_CONSTRUCTION,,"3WG5+CHM, 90 Feet Rd, Garodia Nagar, Ghatkopar East, Mumbai, Maharashtra 400077",400077,2BHK,518.71,17000000,2,0.0,Sell,UNFURNISHED,STANDALONE,RESIDENTIAL,RESIDENTIAL,R City,cmf50r5a00000vcj0k1iuocuu,cmf51ieam0001vcj0kljobiod,cmf51ix980003vcj0z7abv17k,"[""https://pub-d28896f69c604ec5aa743cb0397740d9.r2.dev/1757411089520-1fd3665afc1a746a.jpg""]",https://pub-d28896f69c604ec5aa743cb0397740d9.r2.dev/1757411089519-382dc615d1a8a01c.jpg
Bhoomi antara ,UNDER_CONSTRUCTION,,"3WG5+CHM, 90 Feet Rd, Garodia Nagar, Ghatkopar East, Mumbai, Maharashtra 400077",400077,2BHK,712.68,24000000,2,2.0,Sell,UNFURNISHED,STANDALONE,RESIDENTIAL,RESIDENTIAL,R City,cmf50r5a00000vcj0k1iuocuu,cmf51ieam0001vcj0kljobiod,cmf51ix980003vcj0z7abv17k,"[""https://pub-d28896f69c604ec5aa743cb0397740d9.r2.dev/1757411089524-f866cded7e572242.jpg""]",https://pub-d28896f69c604ec5aa743cb0397740d9.r2.dev/1757411089523-4a25ba0ab26ba4af.jpg
Bhoomi antara ,UNDER_CONSTRUCTION,,"3WG5+CHM, 90 Feet Rd, Garodia Nagar, Ghatkopar East, Mumbai, Maharashtra 400077",400077,3BHK,1098.46,37000000,3,0.0,Sell,UNFURNISHED,STANDALONE,RESIDENTIAL,RESIDENTIAL,R City,cmf50r5a00000vcj0k1iuocuu,cmf51ieam0001vcj0kljobiod,cmf51ix980003vcj0z7abv17k,"[""https://pub-d28896f69c604ec5aa743cb0397740d9.r2.dev/1757411089525-9e16be48ea1c5dca.jpg""]",https://pub-d28896f69c604ec5aa743cb0397740d9.r2.dev/1757411089524-85f5063857a9e066.jpg
Arkade Prime,UNDER_CONSTRUCTION,,"Makwana Rd, Gamdevi, Marol, Andheri East, Mumbai, Maharashtra 400059",400059,1BHK,425.39,12000000,1,1.0,Sell,UNFURNISHED,COMPLEX,BOTH,RESIDENTIAL,Criticare Hospital,cmf50r5a00000vcj0k1iuocuu,cmf51ieam0001vcj0kljobiod,cmf51ix980003vcj0z7abv17k,"[""https://pub-d28896f69c604ec5aa743cb0397740d9.r2.dev/1757411900105-0cd46f586c660d51.jpg""]",https://pub-d28896f69c604ec5aa743cb0397740d9.r2.dev/1757411900104-d2b27e1086902c25.jpg
Arkade Prime,UNDER_CONSTRUCTION,,"Makwana Rd, Gamdevi, Marol, Andheri East, Mumbai, Maharashtra 400059",400059,2BHK,589.43,17000000,2,2.0,Sell,UNFURNISHED,COMPLEX,BOTH,RESIDENTIAL,Criticare Hospital,cmf50r5a00000vcj0k1iuocuu,cmf51ieam0001vcj0kljobiod,cmf51ix980003vcj0z7abv17k,"[""https://pub-d28896f69c604ec5aa743cb0397740d9.r2.dev/1757411900106-3270032d1b3b29a6.jpg""]",https://pub-d28896f69c604ec5aa743cb0397740d9.r2.dev/1757411900105-92746a06993e21a1.jpg
Arkade Prime,UNDER_CONSTRUCTION,,"Makwana Rd, Gamdevi, Marol, Andheri East, Mumbai, Maharashtra 400059",400059,Office space,710.63,21000000,1,1.0,Sell,UNFURNISHED,COMPLEX,BOTH,RESIDENTIAL,Criticare Hospital,cmf50r5a00000vcj0k1iuocuu,cmf51ieam0001vcj0kljobiod,cmf51ix980003vcj0z7abv17k,"[""https://pub-d28896f69c604ec5aa743cb0397740d9.r2.dev/1757411900108-5b7ad0636af0eef0.jpg""]",https://pub-d28896f69c604ec5aa743cb0397740d9.r2.dev/1757411900106-2052b7fd49a2faaa.jpg
Glory,UNDER_CONSTRUCTION,," Kate Wasti Rd, Kate Wasti, Punawale, Pimpri-Chinchwad, Dattwadi, Maharashtra 411033",411033,2BHK,835.0,67000000,0,2.0,Sell,UNFURNISHED,STANDALONE,RESIDENTIAL,RESIDENTIAL, Sarai Sport Acadamy,cmf6nu3ru000gvcxspxarll3v,cmfcfnqp6007zvca0dcgj52pp,cmfcfoprz0081vca0fus0zwq5,"[""https://pub-d28896f69c604ec5aa743cb0397740d9.r2.dev/1757416263441-db4005e8699b54f5.jpg""]",https://pub-d28896f69c604ec5aa743cb0397740d9.r2.dev/1757416263429-b34f6e00dad04cee.jpg
Glory,UNDER_CONSTRUCTION,," Kate Wasti Rd, Kate Wasti, Punawale, Pimpri-Chinchwad, Dattwadi, Maharashtra 411033",411033,3BHK,1064.0,86000000,3,2.0,Sell,UNFURNISHED,STANDALONE,RESIDENTIAL,RESIDENTIAL, Sarai Sport Acadamy,cmf6nu3ru000gvcxspxarll3v,cmfcfnqp6007zvca0dcgj52pp,cmfcfoprz0081vca0fus0zwq5,"[""https://pub-d28896f69c604ec5aa743cb0397740d9.r2.dev/1757416263443-efccc3b7b11a9cf6.jpg""]",https://pub-d28896f69c604ec5aa743cb0397740d9.r2.dev/1757416263442-37973fcf73632905.jpg
Glory,UNDER_CONSTRUCTION,," Kate Wasti Rd, Kate Wasti, Punawale, Pimpri-Chinchwad, Dattwadi, Maharashtra 411033",411033,3BHK,1185.0,96000000,3,2.0,Sell,UNFURNISHED,STANDALONE,RESIDENTIAL,RESIDENTIAL, Sarai Sport Acadamy,cmf6nu3ru000gvcxspxarll3v,cmfcfnqp6007zvca0dcgj52pp,cmfcfoprz0081vca0fus0zwq5,"[""https://pub-d28896f69c604ec5aa743cb0397740d9.r2.dev/1757416263445-61ad0a336e5cd7e8.jpg""]",https://pub-d28896f69c604ec5aa743cb0397740d9.r2.dev/1757416263444-42b0f4d7ba7315d4.jpg
Antriksh,UNDER_CONSTRUCTION,,"CTS NO 391, Station Rd, opp. Zilla Parishad, Mangalwar Peth, Somwar Peth, Pune, Maharashtra 411011",411011,1BHK,269.1,5649000,1,1.0,Sell,UNFURNISHED,STANDALONE,RESIDENTIAL,RESIDENTIAL,Station Road Saraswat Colony,cmf6nu3ru000gvcxspxarll3v,cmf6pksk30035vcxs7r2mo3iq,cmfdkuymm0001vc90iiyzkr8d,"[""https://pub-d28896f69c604ec5aa743cb0397740d9.r2.dev/1757486991482-830ba2f79d951b2a.jpg""]",https://pub-d28896f69c604ec5aa743cb0397740d9.r2.dev/1757486991474-f7da47510a2039a9.jpeg
Antriksh,UNDER_CONSTRUCTION,,"CTS NO 391, Station Rd, opp. Zilla Parishad, Mangalwar Peth, Somwar Peth, Pune, Maharashtra 411011",411011,2BHK,685.0,14300000,2,2.0,Sell,UNFURNISHED,STANDALONE,RESIDENTIAL,RESIDENTIAL,Station Road Saraswat Colony,cmf6nu3ru000gvcxspxarll3v,cmf6pksk30035vcxs7r2mo3iq,cmfdkuymm0001vc90iiyzkr8d,"[""https://pub-d28896f69c604ec5aa743cb0397740d9.r2.dev/1757486991494-9ac904a02c4e153c.jpg""]",https://pub-d28896f69c604ec5aa743cb0397740d9.r2.dev/1757486991488-c0b949b98960c0ed.jpg
Antriksh,UNDER_CONSTRUCTION,,"CTS NO 391, Station Rd, opp. Zilla Parishad, Mangalwar Peth, Somwar Peth, Pune, Maharashtra 411011",411011,2BHK,900.0,18900000,2,1.0,Sell,UNFURNISHED,STANDALONE,RESIDENTIAL,RESIDENTIAL,Station Road Saraswat Colony,cmf6nu3ru000gvcxspxarll3v,cmf6pksk30035vcxs7r2mo3iq,cmfdkuymm0001vc90iiyzkr8d,[],
Antriksh,UNDER_CONSTRUCTION,,"CTS NO 391, Station Rd, opp. Zilla Parishad, Mangalwar Peth, Somwar Peth, Pune, Maharashtra 411011",411011,3BHK,1095.0,22900000,3,2.0,Sell,UNFURNISHED,STANDALONE,RESIDENTIAL,RESIDENTIAL,Station Road Saraswat Colony,cmf6nu3ru000gvcxspxarll3v,cmf6pksk30035vcxs7r2mo3iq,cmfdkuymm0001vc90iiyzkr8d,"[""https://pub-d28896f69c604ec5aa743cb0397740d9.r2.dev/1757486991505-2373b8e162de669f.jpg""]",https://pub-d28896f69c604ec5aa743cb0397740d9.r2.dev/1757486991499-74fa17a4c97985e2.jpg
16 Lakaki,UNDER_CONSTRUCTION,,"1102/A/48, Lakaki Rd, Model Colony, Shivajinagar, Pune, Maharashtra 411016",411016,4.5BHK,2650.0,55800000,4,2.0,Sell,UNFURNISHED,STANDALONE,RESIDENTIAL,RESIDENTIAL,Model Colony,cmf6nu3ru000gvcxspxarll3v,cmf6pk0cn0033vcxshxbf5hdh,cmfdn705v001pvc90uyle9m34,"[""https://pub-d28896f69c604ec5aa743cb0397740d9.r2.dev/1757488967185-54cee65e85919c06.jpg""]",https://pub-d28896f69c604ec5aa743cb0397740d9.r2.dev/1757488967184-719e10b6efff3546.jpg
Dinmanee ,UNDER_CONSTRUCTION,,"Dinmanee, Squadron Leader Sureshchandra Bhagwat Rd, Model Colony, Shivajinagar, Pune, Maharashtra 411016",411016,3BHK,1065.0,25400000,3,2.0,Sell,UNFURNISHED,STANDALONE,RESIDENTIAL,RESIDENTIAL,Bharat English School & jr. College,cmf6nu3ru000gvcxspxarll3v,cmf6pk0cn0033vcxshxbf5hdh,cmfdn705v001pvc90uyle9m34,"[""https://pub-d28896f69c604ec5aa743cb0397740d9.r2.dev/1757495874342-f91c6d45130b2367.jpg""]",https://pub-d28896f69c604ec5aa743cb0397740d9.r2.dev/1757495874341-877b209a8dd708f2.jpg
Zoa Building - 2 Wing A,UNDER_CONSTRUCTION,,"Sr.no.36 Zoa, keshav nagar,Neatr renuka mata Temple Mundhwa, pune 411036",411036,1BHK,450.0,7499000,1,1.0,Sell,UNFURNISHED,STANDALONE,RESIDENTIAL,RESIDENTIAL,Renuka mata mandir,cmf6nu3ru000gvcxspxarll3v,cmf6pwxtd003gvcxszmny2jn7,cmfds8hud0030vc90h37juexd,"[""https://pub-d28896f69c604ec5aa743cb0397740d9.r2.dev/1757497751961-e4b9f6b35ff84fc4.jpg""]",https://pub-d28896f69c604ec5aa743cb0397740d9.r2.dev/1757497751961-62a4a746ffb7d92a.jpeg
Zoa Building - 2 Wing A,UNDER_CONSTRUCTION,,"Sr.no.36 Zoa, keshav nagar,Neatr renuka mata Temple Mundhwa, pune 411036",411036,2BHK,850.0,14100000,2,2.0,Sell,UNFURNISHED,STANDALONE,RESIDENTIAL,RESIDENTIAL,Renuka mata mandir,cmf6nu3ru000gvcxspxarll3v,cmf6pwxtd003gvcxszmny2jn7,cmfds8hud0030vc90h37juexd,"[""https://pub-d28896f69c604ec5aa743cb0397740d9.r2.dev/1757497751962-181b9fb00f69e030.jpg""]",https://pub-d28896f69c604ec5aa743cb0397740d9.r2.dev/1757497751962-8264b2f46aeac8b4.jpg
Leela by Empyrean Landmarks - Phase 1 & 2,UNDER_CONSTRUCTION,,"Survey no. 18-19, plot no. p7, river road, Thite Nagar, Kharadi, Pune, Maharashtra 411014",411014,2BHK,774.0,13600000,2,1.0,Sell,UNFURNISHED,STANDALONE,RESIDENTIAL,RESIDENTIAL,Shri Kshetra Kalbhairavnath Temple,cmf6nu3ru000gvcxspxarll3v,cmf6pxwqh003jvcxs9xzbgo7z,cmfdt1o8c003zvc90uqngk7v6,"[""https://pub-d28896f69c604ec5aa743cb0397740d9.r2.dev/1757499882366-5ff9be2083ac3230.jpg""]",https://pub-d28896f69c604ec5aa743cb0397740d9.r2.dev/1757499882365-234e90325d589de6.jpg
Leela by Empyrean Landmarks - Phase 1 & 2,UNDER_CONSTRUCTION,,"Survey no. 18-19, plot no. p7, river road, Thite Nagar, Kharadi, Pune, Maharashtra 411014",411014,3BHK,1044.0,13900000,3,2.0,Sell,UNFURNISHED,STANDALONE,RESIDENTIAL,RESIDENTIAL,Shri Kshetra Kalbhairavnath Temple,cmf6nu3ru000gvcxspxarll3v,cmf6pxwqh003jvcxs9xzbgo7z,cmfdt1o8c003zvc90uqngk7v6,"[""https://pub-d28896f69c604ec5aa743cb0397740d9.r2.dev/1757499882368-39d519773fe47182.jpg""]",https://pub-d28896f69c604ec5aa743cb0397740d9.r2.dev/1757499882367-f956a3cf2e42cc2e.jpg
Midori Towers,UNDER_CONSTRUCTION,,"Sai Nagar, Mamurdi, Dehu Road, Maharashtra 412101",412101,2BHK,912.0,66800000,2,1.0,Sell,UNFURNISHED,TOWNSHIP,RESIDENTIAL,RESIDENTIAL,Sai nagar Rd,cmf6nu3ru000gvcxspxarll3v,cmf6pk0cn0033vcxshxbf5hdh,cmfdn705v001pvc90uyle9m34,"[""https://pub-d28896f69c604ec5aa743cb0397740d9.r2.dev/1757502445783-07ddd86f8b94a188.jpg""]",https://pub-d28896f69c604ec5aa743cb0397740d9.r2.dev/1757502445782-c4d339912dac6059.jpg
Kedar Residency,READY_TO_MOVE,,"MP78+P45, St Tukaram Nagar, Mamurdi, Dehu Road, Maharashtra 412101",412101,1BHK,497.0,30400000,1,1.0,Sell,FURNISHED,STANDALONE,RESIDENTIAL,RESIDENTIAL, Maharashtra Cricket Association Stadium,cmf6nu3ru000gvcxspxarll3v,cmf6pk0cn0033vcxshxbf5hdh,cmfdn705v001pvc90uyle9m34,"[""https://pub-d28896f69c604ec5aa743cb0397740d9.r2.dev/1757505674367-357debf889702320.jpg""]",https://pub-d28896f69c604ec5aa743cb0397740d9.r2.dev/1757505674362-a03f1a776276e18c.jpg
Kedar Residency,READY_TO_MOVE,,"MP78+P45, St Tukaram Nagar, Mamurdi, Dehu Road, Maharashtra 412101",412101,2BHK,805.0,49000000,0,0.0,Sell,UNFURNISHED,STANDALONE,RESIDENTIAL,RESIDENTIAL, Maharashtra Cricket Association Stadium,cmf6nu3ru000gvcxspxarll3v,cmf6pk0cn0033vcxshxbf5hdh,cmfdn705v001pvc90uyle9m34,"[""https://pub-d28896f69c604ec5aa743cb0397740d9.r2.dev/1757505674385-88d968255a68bec4.jpg""]",https://pub-d28896f69c604ec5aa743cb0397740d9.r2.dev/1757505674380-a846f28fd0ac4508.jpg
Sonai Clara,UNDER_CONSTRUCTION,,"BRT Link Rd, Ravet, Pimpri-Chinchwad, Maharashtra 412101",412099,2BHK,719.0,7916000,2,1.0,Sell,UNFURNISHED,STANDALONE,RESIDENTIAL,RESIDENTIAL,Chandraprabha corner,cmf6nu3ru000gvcxspxarll3v,cmf6qgr4u004fvcxswao9nc4r,cmfdxt4wr006pvc90zvflron5,"[""https://pub-d28896f69c604ec5aa743cb0397740d9.r2.dev/1757507025374-6b9222f0e2694408.jpg""]",https://pub-d28896f69c604ec5aa743cb0397740d9.r2.dev/1757507025374-12d089344fa03c16.jpg
Sonai Clara,UNDER_CONSTRUCTION,,"BRT Link Rd, Ravet, Pimpri-Chinchwad, Maharashtra 412101",412099,2BHK,714.0,7624000,8,1.0,Sell,UNFURNISHED,STANDALONE,RESIDENTIAL,RESIDENTIAL,Chandraprabha corner,cmf6nu3ru000gvcxspxarll3v,cmf6qgr4u004fvcxswao9nc4r,cmfdxt4wr006pvc90zvflron5,"[""https://pub-d28896f69c604ec5aa743cb0397740d9.r2.dev/1757507025375-b7d209814ec2b899.jpg"",""https://pub-d28896f69c604ec5aa743cb0397740d9.r2.dev/1757573877398-e4d685da0a0dfae1.jpg""]",https://pub-d28896f69c604ec5aa743cb0397740d9.r2.dev/1757507025375-8c1c881fc556c580.jpg
Sonai Clara,UNDER_CONSTRUCTION,,"BRT Link Rd, Ravet, Pimpri-Chinchwad, Maharashtra 412101",412099,3BHK,954.0,9900000,3,2.0,Sell,UNFURNISHED,STANDALONE,RESIDENTIAL,RESIDENTIAL,Chandraprabha corner,cmf6nu3ru000gvcxspxarll3v,cmf6qgr4u004fvcxswao9nc4r,cmfdxt4wr006pvc90zvflron5,"[""https://pub-d28896f69c604ec5aa743cb0397740d9.r2.dev/1757507025385-aedb0110dffa5f27.jpg""]",https://pub-d28896f69c604ec5aa743cb0397740d9.r2.dev/1757507025375-6d208dc15b1ffe3b.jpg
Sonai Clara,UNDER_CONSTRUCTION,,"BRT Link Rd, Ravet, Pimpri-Chinchwad, Maharashtra 412101",412099,3BHK,973.0,11000000,3,2.0,Sell,UNFURNISHED,STANDALONE,RESIDENTIAL,RESIDENTIAL,Chandraprabha corner,cmf6nu3ru000gvcxspxarll3v,cmf6qgr4u004fvcxswao9nc4r,cmfdxt4wr006pvc90zvflron5,[],https://pub-d28896f69c604ec5aa743cb0397740d9.r2.dev/1757507025386-cd046b94df0f53d9.jpg
Santiago Skytown,UNDER_CONSTRUCTION,,"Santiago sky town, MP9R+2JG, Ravet Rd, Vikas Nagar, Ravet, Pimpri-Chinchwad, Dehu Road, Maharashtra 412101",412101,2BHK,767.0,784300000,2,1.0,Sell,UNFURNISHED,STANDALONE,RESIDENTIAL,RESIDENTIAL,Police Station,cmf6nu3ru000gvcxspxarll3v,cmf6qgr4u004fvcxswao9nc4r,cmfdyubxb0086vc90glhoi1tr,"[""https://pub-d28896f69c604ec5aa743cb0397740d9.r2.dev/1757508627511-f415324344fe391c.jpg""]",https://pub-d28896f69c604ec5aa743cb0397740d9.r2.dev/1757508627511-94d95f7bbb80de8a.jpg
Santiago Skytown,UNDER_CONSTRUCTION,,"Santiago sky town, MP9R+2JG, Ravet Rd, Vikas Nagar, Ravet, Pimpri-Chinchwad, Dehu Road, Maharashtra 412101",412101,2BHK,786.0,8037000,2,1.0,Sell,UNFURNISHED,STANDALONE,RESIDENTIAL,RESIDENTIAL,Police Station,cmf6nu3ru000gvcxspxarll3v,cmf6qgr4u004fvcxswao9nc4r,cmfdyubxb0086vc90glhoi1tr,"[""https://pub-d28896f69c604ec5aa743cb0397740d9.r2.dev/1757508627515-f85803015d61e3d3.jpg""]",https://pub-d28896f69c604ec5aa743cb0397740d9.r2.dev/1757508627511-b25862c0a7c41854.jpg
Santiago Skytown,UNDER_CONSTRUCTION,,"Santiago sky town, MP9R+2JG, Ravet Rd, Vikas Nagar, Ravet, Pimpri-Chinchwad, Dehu Road, Maharashtra 412101",412101,3BHK,1017.0,13900000,3,2.0,Sell,UNFURNISHED,STANDALONE,RESIDENTIAL,RESIDENTIAL,Police Station,cmf6nu3ru000gvcxspxarll3v,cmf6qgr4u004fvcxswao9nc4r,cmfdyubxb0086vc90glhoi1tr,"[""https://pub-d28896f69c604ec5aa743cb0397740d9.r2.dev/1757508627516-8162911bdda309f0.jpg""]",https://pub-d28896f69c604ec5aa743cb0397740d9.r2.dev/1757508627516-8e8d34b349402165.jpg
The silver altair ,UNDER_CONSTRUCTION,,"The Silver altair Project Sr.No. 8/1,12/5 Near MNGL CNG Station , Aundh Ravet BRTS RD, Ravet",412101,2BHK,880.0,8409000,1,4.0,Sell,UNFURNISHED,STANDALONE,RESIDENTIAL,RESIDENTIAL,MNGL CNG Station,cmf6nu3ru000gvcxspxarll3v,cmf6qgr4u004fvcxswao9nc4r,cmfdzm7gn009evc907tntxrwq,"[""https://pub-d28896f69c604ec5aa743cb0397740d9.r2.dev/1757509935800-7ec66eb73cfad6b5.jpg""]",https://pub-d28896f69c604ec5aa743cb0397740d9.r2.dev/1757509935799-56e60e5d51f758f8.jpg
The silver altair ,UNDER_CONSTRUCTION,,"The Silver altair Project Sr.No. 8/1,12/5 Near MNGL CNG Station , Aundh Ravet BRTS RD, Ravet",412101,2BHK,921.0,8885000,2,1.0,Sell,UNFURNISHED,STANDALONE,RESIDENTIAL,RESIDENTIAL,MNGL CNG Station,cmf6nu3ru000gvcxspxarll3v,cmf6qgr4u004fvcxswao9nc4r,cmfdzm7gn009evc907tntxrwq,"[""https://pub-d28896f69c604ec5aa743cb0397740d9.r2.dev/1757509935801-4a6e51cf542453de.jpg""]",https://pub-d28896f69c604ec5aa743cb0397740d9.r2.dev/1757509935801-62f8a4e2e69af1fb.jpg
The silver altair ,UNDER_CONSTRUCTION,,"The Silver altair Project Sr.No. 8/1,12/5 Near MNGL CNG Station , Aundh Ravet BRTS RD, Ravet",412101,3BHK,1048.0,11000000,3,2.0,Sell,UNFURNISHED,STANDALONE,RESIDENTIAL,RESIDENTIAL,MNGL CNG Station,cmf6nu3ru000gvcxspxarll3v,cmf6qgr4u004fvcxswao9nc4r,cmfdzm7gn009evc907tntxrwq,"[""https://pub-d28896f69c604ec5aa743cb0397740d9.r2.dev/1757509935802-e9fd330d696b020e.jpg""]",https://pub-d28896f69c604ec5aa743cb0397740d9.r2.dev/1757509935801-e3046c3165cb6a9a.jpg
testing,READY_TO_MOVE,,asdfgh,123456,5BHK,9.79,10088000,8,8.0,Sell,UNFURNISHED,STANDALONE,RESIDENTIAL,RESIDENTIAL,sdfgb,cmf6nu3ru000gvcxspxarll3v,cmf6pk0cn0033vcxshxbf5hdh,cmfdn705v001pvc90uyle9m34,"[""https://pub-d28896f69c604ec5aa743cb0397740d9.r2.dev/1758174623697-27c4f71a991e078c.jpg""]",https://pub-d28896f69c604ec5aa743cb0397740d9.r2.dev/1758174783708-6bab276d8a2b3207.jpg
testing,READY_TO_MOVE,,asdfgh,123456,2BHK,9.0,980000000,99,987.0,Sell,SEMI_FURNISHED,STANDALONE,RESIDENTIAL,RESIDENTIAL,sdfgb,cmf6nu3ru000gvcxspxarll3v,cmf6pk0cn0033vcxshxbf5hdh,cmfdn705v001pvc90uyle9m34,"[""https://pub-d28896f69c604ec5aa743cb0397740d9.r2.dev/1758174963765-07ee6ee92139cc03.jpeg""]",https://pub-d28896f69c604ec5aa743cb0397740d9.r2.dev/1758174963753-1d59b6ee8bc63eff.jpg
testing,READY_TO_MOVE,,asdfgh,123456,2BHK,3.0,120000000,10,2.0,Sell,UNFURNISHED,STANDALONE,RESIDENTIAL,RESIDENTIAL,sdfgb,cmf6nu3ru000gvcxspxarll3v,cmf6pk0cn0033vcxshxbf5hdh,cmfdn705v001pvc90uyle9m34,"[""https://pub-d28896f69c604ec5aa743cb0397740d9.r2.dev/1758175122464-0dead4f474b5ccbc.jpg""]",https://pub-d28896f69c604ec5aa743cb0397740d9.r2.dev/1758175122464-bb8651e2ee2d0642.png
TESTING,READY_TO_MOVE,,ADDRESS,123456,4BHK,12.0,20000000,1,2.0,Sell,SEMI_FURNISHED,TOWNSHIP,RESIDENTIAL,RESIDENTIAL,LANDMARK,cmf6nu3ru000gvcxspxarll3v,cmf6pksk30035vcxs7r2mo3iq,cmfdkuymm0001vc90iiyzkr8d,"[""https://pub-d28896f69c604ec5aa743cb0397740d9.r2.dev/1758450157413-fd5b7567dbd1a680.png""]",https://pub-d28896f69c604ec5aa743cb0397740d9.r2.dev/1758450157387-61f41f3b1aba317d.jpg
TESTING,READY_TO_MOVE,,ADDRESS,123456,4.5BHK,122.0,10000000,1,2.0,Sell,UNFURNISHED,TOWNSHIP,RESIDENTIAL,RESIDENTIAL,LANDMARK,cmf6nu3ru000gvcxspxarll3v,cmf6pksk30035vcxs7r2mo3iq,cmfdkuymm0001vc90iiyzkr8d,"[""https://pub-d28896f69c604ec5aa743cb0397740d9.r2.dev/1758450157414-15c5ef82cad99022.jpg""]",
testing igi,READY_TO_MOVE,,awsedrftgyhujk,123456,House_Villa,8.0,80000000,5,4.0,Sell,SEMI_FURNISHED,TOWNSHIP,RESIDENTIAL,RESIDENTIAL,sedrftgyhuj,cmf6nu3ru000gvcxspxarll3v,cmf6pksk30035vcxs7r2mo3iq,cmfdkuymm0001vc90iiyzkr8d,"[""https://pub-d28896f69c604ec5aa743cb0397740d9.r2.dev/1758607532944-b93d0b2a52058cc7.webp""]",https://pub-d28896f69c604ec5aa743cb0397740d9.r2.dev/1758607532938-1eb357675429379e.jpg
testing igi,READY_TO_MOVE,,awsedrftgyhujk,123456,3BHK,69.0,960000000,99,88.0,Sell,UNFURNISHED,TOWNSHIP,RESIDENTIAL,RESIDENTIAL,sedrftgyhuj,cmf6nu3ru000gvcxspxarll3v,cmf6pksk30035vcxs7r2mo3iq,cmfdkuymm0001vc90iiyzkr8d,"[""https://pub-d28896f69c604ec5aa743cb0397740d9.r2.dev/1758607532944-e10a4f6be6b3cc76.jpg""]",https://pub-d28896f69c604ec5aa743cb0397740d9.r2.dev/1758607532944-ac73972e2cdcdbfb.jpg
some project testing,UNDER_CONSTRUCTION,2025-09-24 00:00:00,address,828123,4BHK,2.0,30000000,10,12.0,Sell,UNFURNISHED,COMPLEX,RESIDENTIAL,RESIDENTIAL,landmark,cmf6nu3ru000gvcxspxarll3v,cmf6pksk30035vcxs7r2mo3iq,cmfdkuymm0001vc90iiyzkr8d,"[""https://pub-d28896f69c604ec5aa743cb0397740d9.r2.dev/1758620243242-5810bb1b43a5db87.webp""]",https://pub-d28896f69c604ec5aa743cb0397740d9.r2.dev/1758620243241-c0143b04ebeb03b2.jpg
QUEENS PARK,UNDER_CONSTRUCTION,2025-12-31 00:00:00,"Building No 10, Subhash Nagar Redevelopment Cluster, Subhash Nagar, Chembur, Mumbai, Maharashtra 400071",400071,1BHK,413.23,10900000,1,1.0,Sell,UNFURNISHED,STANDALONE,RESIDENTIAL,RESIDENTIAL,Jain mandir ,cmf50r5a00000vcj0k1iuocuu,cmf51ieam0001vcj0kljobiod,cmfxo3xxc0007qq13foyboh8s,"[""https://pub-d28896f69c604ec5aa743cb0397740d9.r2.dev/1758705551546-edea4e482b14fe41.jpg""]",https://pub-d28896f69c604ec5aa743cb0397740d9.r2.dev/1758705551545-37ea5c3b2ad1281f.jpeg
QUEENS PARK,UNDER_CONSTRUCTION,2025-12-31 00:00:00,"Building No 10, Subhash Nagar Redevelopment Cluster, Subhash Nagar, Chembur, Mumbai, Maharashtra 400071",400071,2BHK,705.14,18700000,2,2.0,Sell,UNFURNISHED,STANDALONE,RESIDENTIAL,RESIDENTIAL,Jain mandir ,cmf50r5a00000vcj0k1iuocuu,cmf51ieam0001vcj0kljobiod,cmfxo3xxc0007qq13foyboh8s,"[""https://pub-d28896f69c604ec5aa743cb0397740d9.r2.dev/1758705551548-68b2c475624ac9aa.jpg""]",https://pub-d28896f69c604ec5aa743cb0397740d9.r2.dev/1758705551547-58f19a494160e237.jpeg
QUEENS PARK,UNDER_CONSTRUCTION,2025-12-31 00:00:00,"Building No 10, Subhash Nagar Redevelopment Cluster, Subhash Nagar, Chembur, Mumbai, Maharashtra 400071",400071,2BHK,646.91,17200000,2,2.0,Sell,UNFURNISHED,STANDALONE,RESIDENTIAL,RESIDENTIAL,Jain mandir ,cmf50r5a00000vcj0k1iuocuu,cmf51ieam0001vcj0kljobiod,cmfxo3xxc0007qq13foyboh8s,"[""https://pub-d28896f69c604ec5aa743cb0397740d9.r2.dev/1758705551550-8dd99bd7e0de26db.jpg""]",https://pub-d28896f69c604ec5aa743cb0397740d9.r2.dev/1758705551549-35d879317c8edbda.jpeg
QUEENS PARK,UNDER_CONSTRUCTION,2025-12-31 00:00:00,"Building No 10, Subhash Nagar Redevelopment Cluster, Subhash Nagar, Chembur, Mumbai, Maharashtra 400071",400071,3BHK,901.26,23900000,3,3.0,Sell,UNFURNISHED,STANDALONE,RESIDENTIAL,RESIDENTIAL,Jain mandir ,cmf50r5a00000vcj0k1iuocuu,cmf51ieam0001vcj0kljobiod,cmfxo3xxc0007qq13foyboh8s,"[""https://pub-d28896f69c604ec5aa743cb0397740d9.r2.dev/1758705551551-635af274c30c9045.jpg""]",https://pub-d28896f69c604ec5aa743cb0397740d9.r2.dev/1758705551551-788c3a56eab050d8.jpeg
testring999,UNDER_CONSTRUCTION,2025-09-25 00:00:00,sdfghj,123456,3BHK,7.0,80000000,9,9.0,Sell,UNFURNISHED,COMPLEX,RESIDENTIAL,RESIDENTIAL,esrdfghbj,cmf6nu3ru000gvcxspxarll3v,cmf6pksk30035vcxs7r2mo3iq,cmfdkuymm0001vc90iiyzkr8d,"[""https://pub-d28896f69c604ec5aa743cb0397740d9.r2.dev/1758708115716-b28e6ee1732f2e2b.webp""]",https://pub-d28896f69c604ec5aa743cb0397740d9.r2.dev/1758708115716-31db7b2bcb6394ec.webp
Queens Glory,UNDER_CONSTRUCTION,2027-12-31 00:00:00,"Building No 10, Subhash Nagar Redevelopment Cluster, Subhash Nagar, Chembur, Mumbai, Maharashtra 400071",400076,1RK ,331.85,7944000,1,1.0,Sell,UNFURNISHED,STANDALONE,RESIDENTIAL,RESIDENTIAL,Shri siddhivinayak ganesh temple,cmf50r5a00000vcj0k1iuocuu,cmf51ieam0001vcj0kljobiod,cmfxo3xxc0007qq13foyboh8s,"[""https://pub-d28896f69c604ec5aa743cb0397740d9.r2.dev/1758713537116-09ebbf05ef9abbaa.jpg""]",https://pub-d28896f69c604ec5aa743cb0397740d9.r2.dev/1758713537111-51daa54aa4442c6d.jpg
Queens Avenue,UNDER_CONSTRUCTION,2027-12-31 00:00:00,"Subhash Nagar, Chembur, Mumbai Harbour, Mumbai",400076,1BHK,396.97,10700000,1,1.0,Sell,UNFURNISHED,TOWNSHIP,RESIDENTIAL,RESIDENTIAL,Shri siddhivinayak ganesh temple,cmf50r5a00000vcj0k1iuocuu,cmf51ieam0001vcj0kljobiod,cmfxo3xxc0007qq13foyboh8s,"[""https://pub-d28896f69c604ec5aa743cb0397740d9.r2.dev/1758714944560-7c164d7b1cc645f7.jpg""]",https://pub-d28896f69c604ec5aa743cb0397740d9.r2.dev/1758714944558-7c8147da421f3025.jpg
Queens Avenue,UNDER_CONSTRUCTION,2027-12-31 00:00:00,"Subhash Nagar, Chembur, Mumbai Harbour, Mumbai",400076,2BHK,568.98,15300000,2,4.0,Sell,UNFURNISHED,TOWNSHIP,RESIDENTIAL,RESIDENTIAL,Shri siddhivinayak ganesh temple,cmf50r5a00000vcj0k1iuocuu,cmf51ieam0001vcj0kljobiod,cmfxo3xxc0007qq13foyboh8s,"[""https://pub-d28896f69c604ec5aa743cb0397740d9.r2.dev/1758714944561-7778f9768558b3c0.jpg""]",https://pub-d28896f69c604ec5aa743cb0397740d9.r2.dev/1758714944560-a72d3b85432ed5df.jpg
Queens Avenue,UNDER_CONSTRUCTION,2027-12-31 00:00:00,"Subhash Nagar, Chembur, Mumbai Harbour, Mumbai",400076,2BHK,619.89,16700000,2,2.0,Sell,UNFURNISHED,TOWNSHIP,RESIDENTIAL,RESIDENTIAL,Shri siddhivinayak ganesh temple,cmf50r5a00000vcj0k1iuocuu,cmf51ieam0001vcj0kljobiod,cmfxo3xxc0007qq13foyboh8s,"[""https://pub-d28896f69c604ec5aa743cb0397740d9.r2.dev/1758714944562-e50632ef4ec31e1b.jpg""]",https://pub-d28896f69c604ec5aa743cb0397740d9.r2.dev/1758714944562-d6e4bab26b0d4fef.jpg
